bll_name,bll_comment
songtext-archiv.de.sr,BadLinkList entry
gratisproben.ev.to,BadLinkList entry
samsung-klingelton.de.sr,BadLinkList entry
www.modelcasting-agentur.de.sr,BadLinkList entry
mafia-cheats.de.sr,BadLinkList entry
malvorlagen.de.tc,BadLinkList entry
nokia-klingeltoene.de.sr,BadLinkList entry
siemens-klingeltoene.de.sr,BadLinkList entry
ps2-cheats.de.sr,BadLinkList entry
samsung-klingeltoene.de.sr,BadLinkList entry
nokia-handylogo.de.sr,BadLinkList entry
siemens-handylogo.de.sr,BadLinkList entry
gratis-proben.ev.to,BadLinkList entry
gta-3-cheats.de.sr,BadLinkList entry
samsung-handylogo.de.sr,BadLinkList entry
malvorlagen.de.tp,BadLinkList entry
neue.klingeltoene.de.sr,BadLinkList entry
neue-klingeltoene.de.tc,BadLinkList entry
neue-klingeltoene.de.tp,BadLinkList entry
neue-klingeltoene.de.pn,BadLinkList entry
warcraft-3-cheats.de.sr,BadLinkList entry
neue-klingeltoene.de.hm,BadLinkList entry
neue-klingeltoene.de.gg,BadLinkList entry
malvorlagen.de.pn,BadLinkList entry
waren-proben.ev.to,BadLinkList entry
www.model-casting-agentur.de.sr,BadLinkList entry
handy-java-games.de.tc,BadLinkList entry
handy-games.de.tc,BadLinkList entry
playstation-cheats.de.sr,BadLinkList entry
handy-spiele.de.tc,BadLinkList entry
handyspiele.net.tc,BadLinkList entry
handygames.eu.tc,BadLinkList entry
handy-javagames.net.tc,BadLinkList entry
nokia-klingelton.de.sr,BadLinkList entry
free-ringtone.uk.pn,BadLinkList entry
handy-handy.de.tc,BadLinkList entry
songtexte-laden.de.sr,BadLinkList entry
sms-sprueche.de.tc,BadLinkList entry
proben.ev.to,BadLinkList entry
xbox-cheats.de.sr,BadLinkList entry
sms-spruch.de.tc,BadLinkList entry
sprueche-sms.de.tc,BadLinkList entry
sms.ph.tc,BadLinkList entry
sprueche.de.tc,BadLinkList entry
siemens-klingelton.de.sr,BadLinkList entry
handy.ph.tc,BadLinkList entry
sms-sms.de.tc,BadLinkList entry
kostenlose.klingeltoene.de.tp,BadLinkList entry
www.modellcasting-agentur.de.sr,BadLinkList entry
www.kleinanzeigen.de.tt,BadLinkList entry
cheats-gta.de.sr,BadLinkList entry
www.songtexte.eu.pn,BadLinkList entry
free-ringtone.uk.pn,BadLinkList entry
songtexte.be.tc,BadLinkList entry
toggolino.de.gg,BadLinkList entry
bob-baumeister.de.gg,BadLinkList entry
kostenlose.klingeltoene.de.sr,BadLinkList entry
medal-of-honor-cheats.de.sr,BadLinkList entry
malvorlage.de.pn,BadLinkList entry
kostenlose.klingeltoene.de.hm,BadLinkList entry
kostenloser-klingelton.de.sr,BadLinkList entry
www.modell-casting-agentur.de.sr,BadLinkList entry
kostenloser-klingelton.de.tp,BadLinkList entry
kostenloser-klingelton.de.hm,BadLinkList entry
klingeltoene-kostenlos.de.tp,BadLinkList entry
malvorlage.de.tp,BadLinkList entry
klingeltoene-kostenlos.de.sr,BadLinkList entry
klingeltoene.kostenlos.de.hm,BadLinkList entry
klingelton-kostenlos.de.sr,BadLinkList entry
klingelton-kostenlos.de.tp,BadLinkList entry
klingelton.kostenlos.de.hm,BadLinkList entry
songtexte.us.tp,BadLinkList entry
songtexte-forum.de.sr,BadLinkList entry
malvorlage.de.tc,BadLinkList entry
game-cheats.de.sr,BadLinkList entry
warenproben.ev.to,BadLinkList entry
www.doli.com.cn ,BadLinkList entry
www.bjrealcolor.com ,BadLinkList entry
www.lily-bearing.com ,BadLinkList entry
www.delign.net ,BadLinkList entry
51pbx.51.net ,BadLinkList entry
www.topcel-battery.com ,BadLinkList entry
www.lungan.com.tw ,BadLinkList entry
www.bdichina.com,BadLinkList entry
www.ehyundai.net.cn,BadLinkList entry
www.da-tian.com ,BadLinkList entry
www.landray.com.cn ,BadLinkList entry
www.jszd.cn ,BadLinkList entry
www.brightking.com ,BadLinkList entry
www.noahark.com.cn ,BadLinkList entry
www.softxp.net ,BadLinkList entry
www.da-tian.com ,BadLinkList entry
www.photel.com.cn ,BadLinkList entry
www.ckochina.com,BadLinkList entry
www.aclas.com,BadLinkList entry
www.yaxon.com,BadLinkList entry
www.radi-instrument.com,BadLinkList entry
www.aclas.com,BadLinkList entry
www.messagesoft.net,BadLinkList entry
www.glb.com.cn ,BadLinkList entry
www.wintec.cn,BadLinkList entry
www.fengpu.com,BadLinkList entry
www.jxedz.com,BadLinkList entry
googleranking.go.nease.net ,BadLinkList entry
adweb1.51.net ,BadLinkList entry
adweb2.51.net ,BadLinkList entry
www.webi.com.cn,BadLinkList entry
www.kaien.com.cn,BadLinkList entry
www.weroom.com,BadLinkList entry
www.cnsem.com ,BadLinkList entry
www.marketingbetter.com ,BadLinkList entry
www.58447575.com,BadLinkList entry
www.watercooler.com.cn,BadLinkList entry
www.haiz.com,BadLinkList entry
www.hisensors.com,BadLinkList entry
www.loushi.cn,BadLinkList entry
www.showcoo.com,BadLinkList entry
www.semcn.com,BadLinkList entry
www.bungee-international.com,BadLinkList entry
www.efuchina.com ,BadLinkList entry
5itour.vip.myrice.com,BadLinkList entry
jipiaowang.freewebpage.org,BadLinkList entry
jiudian.freewebpage.org,BadLinkList entry
www.feijp.com,BadLinkList entry
www.5itour.cn,BadLinkList entry
www.5itour.com,BadLinkList entry
product.freewebpage.org,BadLinkList entry
5itour.freewebpage.org,BadLinkList entry
cheap.freewebpage.org,BadLinkList entry
